icdcode	orphacode	Diagnosebezeichnung	Orpha.Klassifikationsebene
C90.21	100022	Extramedulläres Plasmozytom in kompletter Remission	Subtype of disorder
C88.30	100025	Alpha-Schwerkettenkrankheit	Subtype of disorder
C88.31	100025	Alpha-Schwerkettenkrankheit in kompletter Remission	Subtype of disorder
D12.1	100079	Benigner neuroendokriner Tumor der Appendix	Disorder
E80.1	101330	PCT [Porphyria cutanea tarda]	Disorder
K52.30	103920	Pancolitis indeterminata	Disorder
K52.31	103920	Linksseitige Colitis indeterminata	Disorder
K52.32	103920	Colitis indeterminata des Rektosigmoids	Disorder
K52.38	103920	Colitis indeterminata	Disorder
K03.5	1077	Ankylose der Zähne	Disorder
Q41.8	1201	Jejunoileale Atresie	Disorder
M89.80	1310	Infantile kortikale Hyperostose an mehreren Lokalisationen	Disorder
M89.83	1310	Infantile kortikale Hyperostose am Unterarm	Disorder
M43.86	1320	Idiopathische, nicht-psychogene Kamptokormie	Disorder
Q78.3	1328	Camurati-Engelmann-Krankheit	Disorder
J63.2	133	Berylliose	Disorder
P91.6	137577	HIE [Hypoxisch-ischämische Enzephalopathie] beim Neugeborenen	Disorder
N80.4	137820	Endometriose des Septum rectovaginale	Disorder
N80.5	137820	Darmendometriose	Disorder
N80.6	137820	Endometriose in Hautnarbe	Disorder
N48.30	140949	Priapismus vom Low-Flow-Typ	Disorder
Q01.1	141118	Nasofrontale Enzephalozele	Subtype of disorder
Q18.4	141276	Kongenitale Makrostomie	Disorder
M11.10	1416	Familiäre CPPD [Kalziumpyrophosphat-Dihydrat]-Ablagerungskrankheit, mehrere Lokalisationen	Disorder
M11.11	1416	Familiäre CPPD [Kalziumpyrophosphat-Dihydrat]-Ablagerungskrankheit, Schultergelenk	Disorder
M11.12	1416	Familiäre CPPD [Kalziumpyrophosphat-Dihydrat]-Ablagerungskrankheit, Ellenbogengelenk	Disorder
M11.13	1416	Familiäre CPPD [Kalziumpyrophosphat-Dihydrat]-Ablagerungskrankheit, Handgelenk	Disorder
M11.14	1416	Familiäre CPPD [Kalziumpyrophosphat-Dihydrat]-Ablagerungskrankheit, Hand	Disorder
M11.15	1416	Familiäre CPPD [Kalziumpyrophosphat-Dihydrat]-Ablagerungskrankheit, Beckenregion	Disorder
M11.16	1416	Familiäre CPPD [Kalziumpyrophosphat-Dihydrat]-Ablagerungskrankheit, Kniegelenk	Disorder
M11.17	1416	Familiäre CPPD [Kalziumpyrophosphat-Dihydrat]-Ablagerungskrankheit, Fuß	Disorder
M11.18	1416	Familiäre CPPD [Kalziumpyrophosphat-Dihydrat]-Ablagerungskrankheit, Wirbelsäule	Disorder
M89.48	1525	Kranio-Osteoarthropathie	Disorder
D83.1	1572	Variabler Immundefekt mit überwiegend immunregulatorischer T-Zell-Störung	
D83.2	1572	Variabler Immundefekt mit Autoantikörpern gegen B-Zellen	
D76.2	158048	Hämophagozytäres Syndrom bei Infektion	Disorder
Q24.0	1666	Dextrokardie	Disorder
C72.8	1672	Dienzephales Syndrom	Disorder
L21.8	168606	Seborrhö-ähnliche Dermatitis mit psoriasiformen Läsionen	Disorder
D80.7	169139	Transiente Hypogammaglobulinämie der Kindheit	Disorder
M85.81	178311	Isolierte sternokostoklavikuläre Hyperostose	Disorder
Q51.0	180142	Angeborenes Fehlen des Uterus	Disorder
Q51.5	180145	Agenesie der Cervix uteri	Disorder
Q83.0	180188	Amastie mit angeborenem Fehlen der Brustwarze	Disorder
J84.91	182095	Interstitielle Lungenkrankheit mit akuter Exazerbation	Group of disorders
Q60.1	1848	Angeborenes beidseitiges Fehlen der Niere	Subtype of disorder
Q22.5	1880	Ebstein-Anomalie	Disorder
Q86.2	1914	Angeborenes Fehlbildungssyndrom durch Warfarin	Disorder
Q86.0	1915	Alkoholembryopathie	Disorder
Q01.0	1931	Frontale Enzephalozele	Subtype of disorder
E24.1	199244	Nelson-Syndrom	Disorder
M72.81	199260	Juveniles aponeurotisches Fibrom in der Schulterregion	Disorder
M72.82	199260	Juveniles aponeurotisches Fibrom am Oberarm	Disorder
M72.83	199260	Juveniles aponeurotisches Fibrom am Unterarm	Disorder
M72.84	199260	Juveniles aponeurotisches Fibrom an der Hand	Disorder
M72.85	199260	Juveniles aponeurotisches Fibrom in der Beckenregion	Disorder
M72.86	199260	Juveniles aponeurotisches Fibrom am Unterschenkel	Disorder
M72.87	199260	Juveniles aponeurotisches Fibrom am Fuß	Disorder
Q36.0	199302	Beidseitige Lippenspalte	Disorder
Q21.4	2037	Agenesie des Septum aortopulmonale	Disorder
M34.1	220402	CREST-Syndrom [Spezialform der progressiven systemischen Sklerose mit Calcinosis cutis, Raynaud-Phänomen, Ösophagusdysfunktion, Sklerodaktylie und Teleangiektasie]	Subtype of disorder
G37.1	221074	Demyelinisierende Enzephalopathie des Corpus callosum	Disorder
G51.3	221083	Bell-Spasmus	Disorder
L68.1	2221	Erworbene lanuginöse Hypertrichose	Disorder
N25.1	223	Arginin-Vasopressin-Resistenz	Disorder
K60.3	228113	Analfistel	Disorder
G37.5	228165	Baló-Krankheit	Disorder
L90.1	228272	Anetodermie vom Typ Schweninger-Buzzi	Disorder
L90.2	228272	Anetodermie vom Typ Jadassohn-Pellizzari	Disorder
E13.60	2297	Insulinresistenz-Syndrom, Typ A	Disorder
E13.61	2297	Insulinresistenz-Syndrom, Typ A, entgleist	Disorder
D56.2	231237	Delta-Beta-Thalassämie	Disorder
M30.3	2331	Kawasaki-Syndrom [Mukokutanes Lymphknotensyndrom]	Disorder
Q79.3	2368	Bauchwandspalte	Disorder
Q31.5	2373	Angeborene Laryngomalazie	Disorder
M91.1	2380	Calvé-Legg-Perthes-Krankheit	Disorder
G83.5	2406	Locked-in-Syndrom	Disorder
O14.2	244242	Gravidität mit HELLP [Hemolysis, elevated liver function test, low platelet counts]-Syndrom	Disorder
Q83.3	2456	Akzessorische Brustwarze	Disorder
M60.80	247724	Idiopathische eosinophile Myositis an mehreren Lokalisationen	Disorder
M60.82	247724	Idiopathische eosinophile Myositis am Oberarm	Disorder
M60.83	247724	Idiopathische eosinophile Myositis am Unterarm	Disorder
G51.2	2483	Melkersson-Rosenthal-Syndrom	Disorder
M85.80	2485	Melorheostose an mehreren Lokalisationen	Disorder
M85.82	2485	Melorheostose am Oberarm	Disorder
M85.83	2485	Melorheostose am Unterarm	Disorder
M85.84	2485	Melorheostose an der Hand	Disorder
M85.85	2485	Melorheostose am Oberschenkel	Disorder
M85.86	2485	Melorheostose am Unterschenkel	Disorder
M85.87	2485	Melorheostose am Fuß	Disorder
M93.20	251262	Familiäre Osteochondrosis dissecans an mehreren Lokalisationen	Disorder
M93.25	251262	Familiäre Osteochondrosis dissecans des Hüftgelenks	Disorder
O01.0	254688	Klassische Blasenmole	Subtype of disorder
O01.1	254693	Inkomplette Blasenmole	Subtype of disorder
N07.1	2613	Salcedo-Syndrom	Disorder
C22.3	263413	Angiosarkom der Leber	Disorder
J70.2	264978	Akute arzneimittelinduzierte interstitielle Lungenkrankheit	Disorder
J70.3	264978	Chronische arzneimittelinduzierte interstitielle Lungenkrankheit	Disorder
Q01.2	268823	Okzipitale Enzephalozele	Subtype of disorder
O14.0	275555	Leichte Präeklampsie	Disorder
O14.1	275555	Hypertonie bei Schwangerschaft mit schwerer Albuminurie	Disorder
M61.50	2762	Progressive ossäre Heteroplasie an mehreren Lokalisationen	Disorder
M61.51	2762	Progressive ossäre Heteroplasie in der Schulterregion	Disorder
M61.52	2762	Progressive ossäre Heteroplasie am Oberarm	Disorder
M61.53	2762	Progressive ossäre Heteroplasie am Unterarm	Disorder
M61.54	2762	Progressive ossäre Heteroplasie an der Hand	Disorder
M61.55	2762	Progressive ossäre Heteroplasie am Oberschenkel	Disorder
M61.56	2762	Progressive ossäre Heteroplasie am Unterschenkel	Disorder
M61.57	2762	Progressive ossäre Heteroplasie am Fuß	Disorder
M61.58	2762	Progressive ossäre Heteroplasie am Rumpf	Disorder
D81.3	277	ADA [Adenosindesaminase]-Mangel	Disorder
E83.50	280062	Calciphylaxie	Disorder
M88.80	2801	Juveniles Paget-Syndrom, mehrere Lokalisationen	Disorder
M12.80	2848	CACP [Kamptodaktylie, Arthropathie, Coxa vara, Perikarditis]-Syndrom	Disorder
G04.1	289326	Humane T-Zell-lymphotrope Virus-assoziierte Myelopathie	Disorder
L44.0	2897	Devergie-Krankheit	Disorder
P35.0	290	Angeborene Pneumonie durch Röteln	Disorder
G54.5	2901	Neuralgische Amyotrophie	Disorder
M02.30	29207	Urethro-okulo-synoviales Syndrom [Reiter-Syndrom] an mehreren Lokalisationen	Disorder
M02.31	29207	Urethro-okulo-synoviales Syndrom [Reiter-Syndrom] der Schulterregion	Disorder
M02.32	29207	Urethro-okulo-synoviales Syndrom [Reiter-Syndrom] des Oberarms	Disorder
M02.33	29207	Urethro-okulo-synoviales Syndrom [Reiter-Syndrom] des Unterarms	Disorder
M02.34	29207	Urethro-okulo-synoviales Syndrom [Reiter-Syndrom] der Hand	Disorder
M02.35	29207	Urethro-okulo-synoviales Syndrom [Reiter-Syndrom] des Beckens	Disorder
M02.36	29207	Urethro-okulo-synoviales Syndrom [Reiter-Syndrom] des Unterschenkels	Disorder
M02.37	29207	Urethro-okulo-synoviales Syndrom [Reiter-Syndrom] des Fußes	Disorder
M02.38	29207	Urethro-okulo-synoviales Syndrom [Reiter-Syndrom] der Wirbelsäule	Disorder
M02.39	29207	Arthritis dysenterica [Reiter-Syndrom]	Disorder
P35.2	293	Angeborene Infektion durch Herpesviren	Disorder
P35.1	294	Angeborene Zytomegalie	Disorder
G14	2942	Postpoliomyelitis-Syndrom	Disorder
Q71.0	294967	Agenesie der oberen Gliedmaßen	Disorder
Q71.1	294975	Agenesie der oberen Gliedmaßen bei vorhandener Hand	Disorder
Q72.1	294977	Angeborenes Fehlen von Oberschenkel und Unterschenkel bei vorhandenem Fuß	Disorder
Q71.2	294979	Angeborenes Fehlen von Unterarm und Hand	Disorder
Q72.2	294981	Agenesie von Unterschenkel und Fuß	Disorder
Q79.4	2970	Bauchdeckenaplasiesyndrom	Disorder
K07.8	2972	Syndrom des fehlenden Zahndurchbruchs mit Maxillahypoplasie und Genu valgum	Disorder
M32.8	300345	Autosomal-rezessiver systemischer Lupus erythematodes	Disorder
Q44.2	30391	Angeborener undurchgängiger Gallengang	Disorder
F98.41	306765	Stereotype Bewegungsstörung mit Selbstverletzung	Group of disorders
I00	3099	Akute Arthritis bei rheumatischem Fieber	Disorder
I01.0	3099	Aktive Perikarditis mit rheumatischem Fieber	Disorder
I01.2	3099	Aktive rheumatische myokardiale Insuffizienz	Disorder
I01.8	3099	Aktive Linksherzinsuffizienz bei rheumatischem Fieber	Disorder
I01.9	3099	Aktive rheumatische Herzkrankheit	Disorder
C44.8	31112	Dermatofibrosarcoma protuberans der Haut, mehrere Teilbereiche überlappend	Disorder
Q45.2	313906	Angeborene Pankreaszyste	Disorder
Q04.4	3157	De-Morsier-Syndrom	Disorder
M35.4	3165	Diffuse eosinophile Fasziitis	Disorder
J67.91	31740	Allergische Alveolitis durch organischen Staub mit akuter Exazerbation	Disorder
Q24.3	3190	Infundibuläre Pulmonalarterienstenose	Subtype of disorder
Q78.6	321	Angeborene multiple Exostosen	Disorder
L98.2	3243	Akute febrile neutrophile Dermatose [Sweet-Syndrom]	Disorder
D68.23	327	Faktor-VII-Mangel	Disorder
D68.24	328	Faktor-X-Mangel	Disorder
M31.4	3287	Aortenbogensyndrom	Disorder
N07.8	329481	Lipoprotein-Glomerulopathie	Disorder
P72.8	329942	Transitorischer neonataler multipler Acyl-CoA-Dehydrogenase-Mangel	Disorder
M12.40	329967	Intermittierende Hydrarthrose, mehrere Lokalisationen	Disorder
M12.42	329967	Intermittierende Hydrarthrose, Ellenbogengelenk	Disorder
M12.45	329967	Intermittierende Hydrarthrose, Hüftgelenk	Disorder
M12.46	329967	Intermittierende Hydrarthrose, Kniegelenk	Disorder
M12.49	329967	Hydrops intermittens articulorum	Disorder
D68.25	330	Defekt des Hageman-Faktors	Disorder
L57.1	330064	Aktinisches Retikuloid	Disorder
Q86.80	3312	Thalidomid-Embryopathie	Disorder
D69.53	3325	Heparininduzierte Thrombozytopenie Typ II	Disorder
C46.1	33276	Kaposi-Sarkom des Bindegewebes	Disorder
C46.2	33276	Kaposi-Sarkom des Gaumens	Disorder
C46.3	33276	Kaposi-Sarkom der Lymphknoten	Disorder
C46.7	33276	Kaposi-Sarkom der Konjunktiva	Disorder
C46.8	33276	Kaposi-Sarkom mehrerer Organe	Disorder
D81.0	33355	Retikuläre Dysgenesie	Disorder
M35.6	33577	Christian-Weber-Krankheit	Disorder
M61.11	337	Fibrodysplasia ossificans progressiva in der Schulterregion	Disorder
M61.12	337	Fibrodysplasia ossificans progressiva am Oberarm	Disorder
M61.13	337	Fibrodysplasia ossificans progressiva am Unterarm	Disorder
M61.14	337	Fibrodysplasia ossificans progressiva an der Hand	Disorder
M61.15	337	Fibrodysplasia ossificans progressiva am Oberschenkel	Disorder
M61.16	337	Fibrodysplasia ossificans progressiva am Unterschenkel	Disorder
M61.17	337	Fibrodysplasia ossificans progressiva am Fuß	Disorder
M61.18	337	Fibrodysplasia ossificans progressiva am Hals	Disorder
M61.19	337	Fibrodysplasia ossificans progressiva	Disorder
Q91.0	3380	Trisomie 18, meiotische Non-disjunction	Disorder
Q91.1	3380	Trisomie 18, Mosaik, mitotische Non-disjunction	Disorder
Q91.2	3380	Trisomie 18, Translokation	Disorder
Q20.0	3384	Angeborener Truncus arteriosus communis	Disorder
P74.5	3402	Neonatale transiente Tyrosinämie	Disorder
N02.8	34145	Berger-Krankheit	Disorder
Q20.2	3427	Double outlet left ventricle	Disorder
L66.3	345	Folliculitis abscedens et suffodiens	Disorder
L66.2	346	Acne decalvans	Disorder
E10.73	3463	Wolfram-Syndrom, entgleist	Disorder
K13.5	357154	Orale submuköse Fibrose	Disorder
D51.1	35858	Imerslund-Gräsbeck-Syndrom	Disorder
L00.1	36236	SSS [Staphylococcal scalded skin]-Syndrom mit Befall von 30 % der Körperoberfläche und mehr	Disorder
C63.8	363478	Paratestikuläres Adenokarzinom, mehrere Teilbereiche überlappend	Disorder
M31.8	36412	Hypokomplementämische urtikarielle Vaskulitis	Disorder
C96.5	389	Hand-Schüller-Christian-Krankheit	Disorder
C81.7	391	Klassisches Hodgkin-Lymphom	Disorder
M80.50	391330	X-chromosomale Osteoporose mit pathologischer Fraktur an mehreren Lokalisationen	Disorder
M80.52	391330	X-chromosomale Osteoporose mit pathologischer Fraktur des Oberarms	Disorder
M80.53	391330	X-chromosomale Osteoporose mit pathologischer Fraktur des Unterarms	Disorder
M80.55	391330	X-chromosomale Osteoporose mit pathologischer Fraktur des Oberschenkels	Disorder
M80.56	391330	X-chromosomale Osteoporose mit pathologischer Fraktur des Unterschenkels	Disorder
M80.58	391330	X-chromosomale Osteoporose mit pathologischer Fraktur der Wirbelsäule	Disorder
P94.0	391504	Transiente neonatale Myasthenia gravis	Subtype of disorder
M31.6	397	Arteriitis temporalis	Disorder
M87.11	399158	Knochennekrose durch Arzneimittel in der Schulterregion	Group of disorders
M87.12	399158	Knochennekrose durch Arzneimittel am Oberarm	Group of disorders
M87.13	399158	Knochennekrose durch Arzneimittel am Unterarm	Group of disorders
M87.14	399158	Knochennekrose durch Arzneimittel an der Hand	Group of disorders
M87.16	399158	Knochennekrose durch Arzneimittel am Unterschenkel	Group of disorders
M87.17	399158	Knochennekrose durch Arzneimittel am Fuß	Group of disorders
M87.18	399158	Knochennekrose durch Arzneimittel an der Wirbelsäule	Group of disorders
M87.20	399175	Traumatische avaskuläre Nekrose an mehreren Lokalisationen	Disorder
M87.21	399175	Traumatische avaskuläre Nekrose in der Schulterregion	Disorder
M87.22	399175	Traumatische avaskuläre Nekrose am Oberarm	Disorder
M87.23	399175	Traumatische avaskuläre Nekrose am Unterarm	Disorder
M87.25	399175	Traumatische avaskuläre Nekrose am Oberschenkel	Disorder
M87.26	399175	Traumatische avaskuläre Nekrose am Unterschenkel	Disorder
M87.27	399175	Traumatische avaskuläre Nekrose am Fuß	Disorder
M87.35	399180	Sekundäre nicht-traumatische avaskuläre Femurkopfnekrose	Disorder
M87.00	399307	Idiopathische avaskuläre Nekrose an mehreren Lokalisationen	Disorder
M87.01	399307	Idiopathische avaskuläre Nekrose in der Schulterregion	Disorder
M87.02	399307	Idiopathische avaskuläre Nekrose am Oberarm	Disorder
M87.03	399307	Idiopathische avaskuläre Nekrose am Unterarm	Disorder
M87.04	399307	Idiopathische avaskuläre Nekrose an der Hand	Disorder
M87.06	399307	Idiopathische avaskuläre Nekrose am Unterschenkel	Disorder
M87.07	399307	Idiopathische avaskuläre Nekrose am Fuß	Disorder
M87.08	399307	Idiopathische avaskuläre Nekrose an der Wirbelsäule	Disorder
M87.09	399307	Avaskuläre idiopathische Knochennekrose	Disorder
M93.0	399329	Epiphysenlösung des Femurkopfes	Disorder
Q60.2	411709	Angeborenes Fehlen der Niere	Disorder
Q96.8	444048	46,XX-Ovarialdysgenesie-Kleinwuchs-Syndrom	Disorder
D59.5	447	Marchiafava-Micheli-Anämie	Disorder
P35.4	448237	Angeborene Zika-Viruskrankheit	Disorder
C22.2	449	Hepatoblastom	Disorder
C90.10	454714	Plasmazellenleukämie	Disorder
C90.11	454714	Plasmazellenleukämie in kompletter Remission	Disorder
Q82.3	464	Bloch-Siemens-Syndrom	Disorder
L12.1	46486	Benignes Schleimhautpemphigoid	Disorder
L12.3	46487	Erworbene Epidermolysis bullosa	Disorder
Q28.29	46724	Arteriovenöse Fehlbildung des Gehirns	Disorder
M05.00	47612	Chronische Polyarthritis mit Lymphosplenomegalie und Leukopenie	Disorder
M05.01	47612	Felty-Syndrom, Schulterregion	Disorder
M05.02	47612	Felty-Syndrom, Oberarm	Disorder
M05.03	47612	Felty-Syndrom, Unterarm	Disorder
M05.04	47612	Felty-Syndrom, Hand	Disorder
M05.05	47612	Felty-Syndrom, Beckenregion	Disorder
M05.06	47612	Felty-Syndrom, Unterschenkel	Disorder
M05.07	47612	Felty-Syndrom, Fuß	Disorder
M05.08	47612	Felty-Syndrom, Wirbelsäule	Disorder
M06.80	477650	Fibroblastischer Rheumatismus an mehreren Lokalisationen	Disorder
M06.82	477650	Fibroblastischer Rheumatismus des Ellenbogengelenks	Disorder
M06.83	477650	Fibroblastischer Rheumatismus des Handgelenks	Disorder
M06.84	477650	Fibroblastischer Rheumatismus der Hand	Disorder
M06.86	477650	Fibroblastischer Rheumatismus des Kniegelenks	Disorder
M06.89	477650	Fibroblastischer Rheumatismus	Disorder
D83.8	477661	IL21-abhängige infantile chronisch-entzündliche Darmerkrankung	Disorder
M72.40	477742	Pseudosarkomatöse Fibromatose an mehreren Lokalisationen	Disorder
M72.41	477742	Pseudosarkomatöse Fibromatose in der Schulterregion	Disorder
M72.42	477742	Pseudosarkomatöse Fibromatose am Oberarm	Disorder
M72.43	477742	Pseudosarkomatöse Fibromatose am Unterarm	Disorder
M72.44	477742	Pseudosarkomatöse Fibromatose an der Hand	Disorder
M72.45	477742	Pseudosarkomatöse Fibromatose am Oberschenkel	Disorder
M72.46	477742	Pseudosarkomatöse Fibromatose am Unterschenkel	Disorder
M72.47	477742	Pseudosarkomatöse Fibromatose am Fuß	Disorder
M72.48	477742	Pseudosarkomatöse Fibromatose am Rumpf	Disorder
M72.49	477742	Fasciitis nodularis	Disorder
Q44.4	480501	Angeborene Choledochuszyste	Disorder
M85.51	480553	Aneurysmatische Knochenzyste am Schlüsselbein	Disorder
M85.52	480553	Aneurysmatische Knochenzyste am Oberarm	Disorder
M85.53	480553	Aneurysmatische Knochenzyste am Unterarm	Disorder
M85.54	480553	Aneurysmatische Knochenzyste an der Hand	Disorder
M85.55	480553	Aneurysmatische Knochenzyste am Oberschenkel	Disorder
M85.56	480553	Aneurysmatische Knochenzyste am Unterschenkel	Disorder
M85.57	480553	Aneurysmatische Knochenzyste am Fuß	Disorder
M85.58	480553	Aneurysmatische Knochenzyste an der Wirbelsäule	Disorder
M85.59	480553	Aneurysmatische Knochenzyste	Disorder
L13.1	48377	Dermatitis pustulosa subcornealis	Disorder
M60.88	48918	Fokale Myositis am Kopf	Disorder
Q55.5	49	Angeborenes Fehlen des Penis	Disorder
C13.8	494547	Plattenepithelkarzinom des Hypopharynx, mehrere Teilbereiche überlappend	Disorder
C32.8	494550	Plattenepithelkarzinom des Larynx, mehrere Teilbereiche überlappend	Disorder
C31.8	500464	Plattenepithelkarzinom der Nasennebenhöhlen, mehrere Teilbereiche überlappend	Disorder
C00.8	502366	Plattenepithelkarzinom der Lippe, mehrere Teilbereiche überlappend	Disorder
C45.0	50251	Mesotheliom der Pleura	Disorder
C45.2	50251	Perikardmesotheliom	Disorder
C45.7	50251	Lebermesotheliom	Disorder
E79.1	510	HPRT [Hypoxanthin-Guanin-Phosphoribosyltransferase]-Mangel, Grad IV	Disorder
C93.00	514	Akute Monoblastenleukämie	Disorder
C93.01	514	Akute Monoblastenleukämie in kompletter Remission	Disorder
Q11.0	519384	Cystic eyeball	Disorder
C92.41	520	Akute promyelozytäre Leukämie in kompletter Remission	Disorder
C92.11	521	Chronische granulozytäre Leukämie in kompletter Remission	Disorder
P57.8	529808	Chronische Bilirubin-Enzephalopathie	Disorder
L51.21	537	Lyell-Syndrom mit Befall von 30 % der Körperoberfläche und mehr	Subtype of disorder
L92.1	542592	Lipoidnekrobiose	Disorder
L95.0	542643	Atrophie blanche	Disorder
C91.80	543	Burkitt-Zell-Leukämie	Disorder
C91.81	543	Reifzellige B-ALL vom Burkitt-Typ in kompletter Remission	Disorder
N05.5	54370	Membranoproliferative Glomerulonephritis	Disorder
C82.3	545	Follikuläres Lymphom Grad 3a	Disorder
C82.4	545	Follikuläres Lymphom Grad 3b	Disorder
C82.5	545	Diffuses Follikelzentrumslymphom	Disorder
C82.7	545	Sonstige Typen des follikulären Lymphoms	Disorder
E11.51	552	MODY [Maturity onset diabetes of young people] mit peripherer vaskulärer Komplikation, entgleist	Disorder
E11.73	552	MODY [Maturity onset diabetes of young people] mit multiplen Komplikationen, entgleist	Disorder
E11.75	552	MODY [Maturity onset diabetes of young people] mit diabetischem Fußsyndrom, entgleist	Disorder
E11.81	552	MODY [Maturity onset diabetes of young people] mit Komplikation, entgleist	Disorder
E11.91	552	MODY [Maturity onset diabetes of young people] ohne Komplikation, entgleist	Disorder
L10.8	555905	IgA-Pemphigus	Disorder
G00.1	55655	Meningitis durch Pneumokokken	Disorder
O90.3	563	Kardiomyopathie im Wochenbett	Disorder
M92.7	564003	Freiberg-Infraktion	Disorder
D59.10	56425	CAD [Kälteagglutininkrankheit]	Disorder
M85.31	57196	Kondensierende Osteitis der medialen Klavikula	Disorder
D81.7	572	Haupthistokompatibilitäts-Komplex-Klasse-II-Defekt	Disorder
E84.0	586	Fibrozystische Lungenkrankheit	Disorder
E84.1	586	Distales intestinales Obstruktionssyndrom	Disorder
E84.80	586	Zystische Fibrose mit Manifestationen an der Lunge und am Verdauungstrakt	Disorder
E84.87	586	Zystische Fibrose mit sonstigen multiplen Manifestationen	Disorder
E84.88	586	Neonatale Gelbsucht bei Mukoviszidose	Disorder
E84.9	586	CF [Fibrosis cystica]	Disorder
M60.81	592	Makrophagische Myofasziitis in der Schulterregion	Disorder
E88.00	60	A1-PI [Alpha-1-Proteinase-Inhibitor]-Mangel	Disorder
Q24.6	60041	Angeborener Herzblock	Disorder
Q62.2	617	Angeborene Ureterdilatation	Disorder
Q00.2	63259	Inienzephalie	Disorder
Q00.1	63260	Kraniorhachischisis	Disorder
O26.4	63275	Betreuung der Schwangeren bei Herpes gestationis	Disorder
L10.3	636955	Brasilianischer Pemphigus	Disorder
C54.8	64720	Leiomyosarkom des Corpus uteri, mehrere Teilbereiche überlappend	Disorder
N98.1	64739	Hyperstimulation des Ovars	Disorder
H34.1	648684	Augenzentralarterienverschluss	Disorder
L90.3	658810	Atrophodermia idiopathica vom Typ Pasini-Pierini	Disorder
Q79.2	660	Exomphalus	Disorder
L60.5	662	Gelber-Nagel-Syndrom	Disorder
O43.21	662721	Placenta increta	Disorder
O69.4	662786	Blutung der Vasa praevia	Disorder
M12.20	66627	Pigmentierte villonoduläre Synovialitis an mehreren Lokalisationen	Disorder
M12.21	66627	Pigmentierte villonoduläre Synovialitis in der Schulterregion	Disorder
M12.22	66627	Pigmentierte villonoduläre Synovialitis am Oberarm	Disorder
M12.23	66627	Pigmentierte villonoduläre Synovialitis am Unterarm	Disorder
M12.24	66627	Pigmentierte villonoduläre Synovialitis an der Hand	Disorder
M12.25	66627	Pigmentierte villonoduläre Synovialitis am Oberschenkel	Disorder
M12.26	66627	Pigmentierte villonoduläre Synovialitis am Kniegelenk	Disorder
M12.27	66627	Pigmentierte villonoduläre Synovialitis am Fuß	Disorder
M12.28	66627	Pigmentierte villonoduläre Synovialitis an der Wirbelsäule	Disorder
M12.29	66627	Pigmentierte villonoduläre Synovialitis	Disorder
C04.8	667678	Basalzellkarzinom des Mundbodens, mehrere Teilbereiche überlappend	Disorder
Q45.1	675	Pancreas anulare	Disorder
K86.11	676	Genetisch bedingte Pankreatitis	Disorder
O26.60	69665	Cholestase in der Schwangerschaft	Disorder
L63.0	700	Alopecia cranialis totalis	Disorder
L63.1	701	Alopecia universalis	Disorder
K62.7	70475	Radiogene Proktitis	Disorder
C88.70	70568	Polymorphe posttransplantations-lymphoproliferative Krankheit in partieller Remission	Disorder
C88.71	70568	Polymorphe posttransplantations-lymphoproliferative Krankheit in kompletter Remission	Disorder
J80.01	70578	Mildes akutes Atemnotsyndrom des Erwachsenen	Disorder
J80.02	70578	Moderates akutes Atemnotsyndrom des Erwachsenen	Disorder
J80.03	70578	Schweres akutes Atemnotsyndrom des Erwachsenen	Disorder
P24.0	70588	Mekoniumaspiration	Disorder
P27.1	70589	Bronchopulmonale Dysplasie	Disorder
I27.20	70591	Chronische thromboembolische pulmonale Hypertension	Disorder
M31.7	727	Mikroskopische Panarteriitis	Disorder
M94.1	728	Panchondritis	Disorder
Q61.1	731	ARPKD [Autosomal-rezessive polyzystische Nierenkrankheit]	Disorder
D81.5	760	PNP [Purinnukleosid-Phosphorylase]-Mangel	Disorder
E13.91	769	Rabson-Mendenhall-Syndrom, entgleist	Disorder
L87.2	79148	Elastosis perforans serpiginosa	Disorder
E71.2	79197	Stoffwechselstörung verzweigtkettiger Aminosäuren	Group of disorders
E70.0	79254	Fölling-Krankheit	Subtype of disorder
Q81.1	79404	Epidermolysis bullosa atrophicans generalisata gravis	Disorder
L10.1	79479	Hallopeau-Syndrom [Pemphigus vegetans]	Disorder
L10.4	79480	Pemphigus erythematosus	Disorder
D86.0	797	Lungenkrankheit bei Sarkoidose	Disorder
D86.1	797	Sarkoidose der Lymphknoten	Disorder
D86.2	797	Sarkoidose der Lunge mit Sarkoidose der Lymphknoten	Disorder
D86.3	797	Boeck-Lupoid	Disorder
Q98.5	8	47,XYY-Syndrom	Disorder
M06.10	829	Adulte Form der Still-Krankheit	Disorder
M06.11	829	Adulte Form der Still-Krankheit, Schulterregion	Disorder
M06.12	829	Adulte Form der Still-Krankheit, Oberarm	Disorder
M06.13	829	Adulte Form der Still-Krankheit, Unterarm	Disorder
M06.14	829	Adulte Form der Still-Krankheit, Hand	Disorder
M06.15	829	Adulte Form der Still-Krankheit, Beckenregion	Disorder
M06.16	829	Adulte Form der Still-Krankheit, Unterschenkel	Disorder
M06.17	829	Adulte Form der Still-Krankheit, Fuß	Disorder
M06.18	829	Adulte Form der Still-Krankheit, Wirbelsäule	Disorder
G12.0	83330	Hoffmann-Werdnig-Krankheit	Subtype of disorder
G90.70	83452	Komplexes regionales Schmerzsyndrom der oberen Extremität	Disorder
G90.79	83452	Komplexes regionales Schmerzsyndrom	Disorder
M85.42	83468	Solitäre Knochenzyste am Oberarm	Disorder
M85.43	83468	Solitäre Knochenzyste am Unterarm	Disorder
M85.44	83468	Solitäre Knochenzyste an der Hand	Disorder
M85.45	83468	Solitäre Knochenzyste am Oberschenkel	Disorder
M85.46	83468	Solitäre Knochenzyste am Unterschenkel	Disorder
M85.47	83468	Solitäre Knochenzyste am Fuß	Disorder
M85.49	83468	Solitäre Knochenzyste	Disorder
D81.4	83471	Nezelof-Syndrom	Disorder
M25.94	85169	Familiäre digitale Arthropathie mit Brachydaktylie	Disorder
M08.40	85410	Juvenile chronische Arthritis, oligoartikuläre Form, mehrere Lokalisationen	Disorder
M08.41	85410	Juvenile chronische Arthritis, oligoartikuläre Form, Schulterregion	Disorder
M08.42	85410	Juvenile chronische Arthritis, oligoartikuläre Form, Ellenbogengelenk	Disorder
M08.43	85410	Juvenile chronische Arthritis, oligoartikuläre Form, Handgelenk	Disorder
M08.44	85410	Juvenile chronische Arthritis, oligoartikuläre Form, Hand	Disorder
M08.45	85410	Juvenile chronische Arthritis, oligoartikuläre Form, Beckenregion	Disorder
M08.46	85410	Juvenile chronische Arthritis, oligoartikuläre Form, Kniegelenk	Disorder
M08.47	85410	Juvenile chronische Arthritis, oligoartikuläre Form, Fuß	Disorder
M08.48	85410	Juvenile chronische Arthritis, oligoartikuläre Form, Wirbelsäule	Disorder
M08.49	85410	Juvenile chronische Arthritis, oligoartikulär beginnende Form	Disorder
M08.20	85414	Systemisch beginnende Form der juvenilen chronischen Arthritis, mehrere Lokalisationen	Disorder
M08.21	85414	Systemisch beginnende Form der juvenilen chronischen Arthritis, Schulterregion	Disorder
M08.22	85414	Systemisch beginnende Form der juvenilen chronischen Arthritis, Ellenbogengelenk	Disorder
M08.23	85414	Systemisch beginnende Form der juvenilen chronischen Arthritis, Handgelenk	Disorder
M08.24	85414	Systemisch beginnende Form der juvenilen chronischen Arthritis, Hand	Disorder
M08.25	85414	Systemisch beginnende Form der juvenilen chronischen Arthritis, Hüftgelenk	Disorder
M08.26	85414	Systemisch beginnende Form der juvenilen chronischen Arthritis, Kniegelenk	Disorder
M08.27	85414	Systemisch beginnende Form der juvenilen chronischen Arthritis, Fuß	Disorder
M08.28	85414	Systemisch beginnende Form der juvenilen chronischen Arthritis, Wirbelsäule	Disorder
M08.29	85414	Chauffard-Still-Syndrom	Disorder
D51.2	859	Transcobalamin-II-Mangel	Disorder
M87.85	86820	Familiäre avaskuläre Nekrose des Femurkopfes	Disorder
C93.30	86834	JMML [Juvenile myelomonozytäre Leukämie]	Disorder
C93.31	86834	JMML [Juvenile myelomonozytäre Leukämie] in kompletter Remission	Disorder
D46.6	86841	5q-minus-Syndrom	Disorder
C92.80	86845	Akute myeloische Leukämie mit multilineärer Dysplasie	Disorder
C92.81	86845	Akute myeloische Leukämie mit multilineärer Dysplasie in kompletter Remission	Disorder
C86.4	86870	Blastische plasmozytoide dendritische Zellneoplasie	Disorder
C91.61	86871	Prolymphozyten-Leukämie vom T-Zell-Typ in kompletter Remission	Disorder
C91.51	86875	Adulte T-Zell-Leukämie (HTLV-1-assoziiert) in kompletter Remission	Disorder
C86.1	86882	Hepatosplenisches T-Zell-Lymphom	Disorder
C86.3	86884	Subkutanes pannikulitisches T-Zell-Lymphom	Disorder
Q90.0	870	Trisomie 21, meiotische Non-disjunction	Disorder
Q90.1	870	Trisomie 21, Mosaik, mitotische Non-disjunction	Disorder
Q90.2	870	Down-Syndrom, Translokation	Disorder
Q90.9	870	Down-Syndrom	Disorder
D61.3	88	Idiopathische aplastische Anämie	Disorder
K76.5	890	Stuart-Bras-Syndrom	Disorder
L95.1	90000	Bury-Krankheit	Disorder
H35.1	90050	Frühgeborenenretinopathie	Disorder
H95.8	90059	Operationsbedingter akuter sensorineuraler Hörverlust	Disorder
L98.3	901	Eosinophile Zellulitis	Disorder
M34.2	90291	Arzneimittelinduzierte systemische Sklerose	Disorder
D82.0	906	Immundefekt mit Thrombozytopenie und Ekzem	Disorder
E34.50	90797	Partielle Androgen-Insensitivität [PAIS]	Disorder
M08.90	92	Juvenile idiopathische Arthritis an mehreren Lokalisationen	Group of disorders
M08.91	92	Juvenile idiopathische Arthritis, Schulterregion	Group of disorders
M08.92	92	Juvenile idiopathische Arthritis, Oberarm	Group of disorders
M08.93	92	Juvenile idiopathische Arthritis, Unterarm	Group of disorders
M08.94	92	Juvenile idiopathische Arthritis, Hand	Group of disorders
M08.95	92	Juvenile idiopathische Arthritis, Beckenregion	Group of disorders
M08.96	92	Juvenile idiopathische Arthritis, Unterschenkel	Group of disorders
M08.97	92	Juvenile idiopathische Arthritis, Fuß	Group of disorders
M08.98	92	Juvenile idiopathische Arthritis, Wirbelsäule	Group of disorders
M85.00	93277	Monostotische fibröse Dysplasie an mehreren Lokalisationen	Subtype of disorder
M85.01	93277	Monostotische fibröse Dysplasie in der Schulterregion	Subtype of disorder
M85.02	93277	Monostotische fibröse Dysplasie am Oberarm	Subtype of disorder
M85.03	93277	Monostotische fibröse Dysplasie am Unterarm	Subtype of disorder
M85.04	93277	Monostotische fibröse Dysplasie an der Hand	Subtype of disorder
M85.05	93277	Monostotische fibröse Dysplasie am Oberschenkel	Subtype of disorder
M85.06	93277	Monostotische fibröse Dysplasie am Unterschenkel	Subtype of disorder
M85.07	93277	Monostotische fibröse Dysplasie am Fuß	Subtype of disorder
M85.08	93277	Monostotische fibröse Dysplasie am Schädel	Subtype of disorder
Q72.5	93322	Longitudinaler Reduktionsdefekt der Tibia	Disorder
Q72.6	93323	Fibulaagenesie	Disorder
Q64.1	93930	Blasenekstrophie	Subtype of disorder
E27.2	95409	Addison-Krise	Disorder
Q32.0	95430	Angeborene Tracheomalazie	Disorder
Q54.2	95706	Penoskrotale Hypospadie	Disorder
Q54.3	95706	Perineale Hypospadie	Disorder
Q24.1	95854	Isolierte Lävokardie	Disorder
E24.0	96253	ACTH [Adrenocorticotropes Hormon]-Hypersekretion der Hypophyse	Disorder
Q52.0	96269	Angeborenes Fehlen der Vagina	Disorder
I27.8	97214	Eisenmenger-Komplex	Disorder
L56.3	97230	Sonnenlichtbedingte Urtikaria	Disorder
M93.1	97332	Adulte Osteochondrose des Os lunatum der Hand	Disorder
G21.3	97349	Postenzephalitischer Parkinsonismus	Disorder
Q60.3	97361	Angeborene einseitige Nierenatrophie	Subtype of disorder
Q28.18	981	Agenesie der Arteria carotis interna	Disorder
Q22.9	98721	Kongenitale Trikuspidalklappenanomalie	Group of disorders
F80.3	98818	Erworbene Aphasie mit Epilepsie	Disorder
D46.4	98826	Refraktäre Anämie	Disorder
C92.60	98831	Akute myeloische Leukämie mit 11q23-Abnormität	Disorder
C92.61	98831	Akute myeloische Leukämie mit 11q23-Abnormität in kompletter Remission	Disorder
C81.2	98844	Gemischtzellige Form der Hodgkin-Krankheit	Subtype of disorder
Q26.2	99125	Kongenitale totale Lungenvenen Fehleinmündung	Disorder
D68.01	99147	Erworbenes Von-Willebrand-Jürgens-Syndrom	Disorder
Q96.4	99228	Mosaik 45,X/Zelllinien mit Gonosomenanomalie	Subtype of disorder
Q96.1	99413	Karyotyp 46,X iso (Xq)	Subtype of disorder
Q96.2	99413	Karyotyp 46,X mit Gonosomenanomalie, ausgenommen iso (Xq)	Subtype of disorder
Q35.7	99771	Mangelhafter Uvulaverschluss	Disorder
Q35.3	99772	Gaumensegelspalte	Disorder
E24.3	99889	Cushing-Syndrom durch ektope ACTH [Adrenocorticotropes Hormon]-Produktion	Disorder
J67.00	99906	Drescher-Krankheit	
J67.01	99906	Farmerlunge mit akuter Exazerbation	
J67.70	99907	Allergische Alveolitis durch Organismen aus Belüftungsanlagen	
J67.71	99907	Befeuchterlunge mit akuter Exazerbation	
J67.20	99908	Taubenzüchterkrankheit	
J67.21	99908	Vogelzüchterlunge mit akuter Exazerbation	
G90.60	99994	Chronic regional pain syndrome [CRPS] Typ II der oberen Extremität	Subtype of disorder
G90.61	99994	Chronic regional pain syndrome [CRPS] Typ II der unteren Extremität	Subtype of disorder
G90.50	99995	Komplexes regionales Schmerzsyndrom Typ I der oberen Extremität	Subtype of disorder
G90.51	99995	Komplexes regionales Schmerzsyndrom Typ I der unteren Extremität	Subtype of disorder
Q78.0	666	Osteogenesis Imperfecta	
G12.0	83330	Spinale Muskelatrophie (SMA), proximale, Typ 1	
G12.1	70	Spinale Muskelatrophie (SMA)	
I78.0	774	Hereditäre hämorrhagische Teleangiektasie (HHT)	
E34.8	64	Alström-Syndrom	
Q87.8	110	Bardet-Biedl-Syndrom	
E85.8	330001	Wildtyp-ATTR-Amyloidose	
G71.1	273	Myotone Dystrophie Steinert	
G70.0	589	Myasthenia gravis	
